title,genre_ids,vote_average,vote_count,release_year,id
We Live in Time,"[10749, 18]",7.259,1103,2024,1100099
No Way Up,"[53, 27, 28]",6.3,1072,2024,1096197
The Union,"[28, 35]",6.1,1058,2024,704239
Fly Me to the Moon,"[10749, 35]",6.806,1028,2024,956842
The Bikeriders,"[80, 18]",6.69,1003,2024,1008409
Babygirl,"[18, 10749]",5.739,1001,2024,1097549
Spaceman,"[878, 12, 18]",6.717,958,2024,636706
Upgraded,"[10749, 35]",7.186,947,2024,1014590
The Tearsmith,"[10749, 18]",6.5,918,2024,1127166
Beating Hearts,"[10749, 80, 18]",7.198,917,2024,959604
Megalopolis,"[878, 18]",5.2,902,2024,592831
Woman of the Hour,"[80, 18, 53]",6.4,900,2024,835113
Don't Move,"[27, 53]",6.335,899,2024,1063877
Bob Marley: One Love,"[10402, 36, 18]",6.647,899,2024,802219
Subservience,"[878, 27, 53]",6.6,890,2024,1064028
Miller's Girl,"[53, 18, 10749]",6.3,880,2024,1026436
I'm Still Here,"[18, 36]",7.939,862,2024,1000837
Love Lies Bleeding,"[80, 10749, 53, 18]",6.567,861,2024,948549
Arthur the King,"[12, 18]",7.577,855,2024,618588
Uglies,"[878, 12, 28]",5.753,853,2024,748167
The Watchers,"[14, 27, 9648]",6.376,1423,2024,1086747
The Brutalist,"[18, 36]",6.958,1400,2024,549509
Lift,"[28, 35, 80]",6.4,1370,2024,955916
Rebel Moon - Part Two: The Scargiver,"[878, 28, 12]",6.085,1361,2024,934632
Land of Bad,"[28, 10752, 53]",7.271,1360,2024,969492
The Garfield Movie,"[10751, 35, 12, 16]",7.028,1351,2024,748783
Under Paris,"[28, 27]",5.932,1347,2024,1001311
Borderlands,"[28, 878, 35]",5.616,1337,2024,365177
Beverly Hills Cop: Axel F,"[28, 35, 80]",6.7,1325,2024,280180
The Platform 2,"[878, 27, 53]",5.547,1313,2024,1125510
Tarot,[27],6.412,1294,2024,719221
MaXXXine,"[27, 53]",6.322,1289,2024,1023922
Wolfs,"[80, 35, 28]",6.546,1269,2024,877817
Monkey Man,"[28, 53]",6.879,1253,2024,560016
A Complete Unknown,"[18, 10402]",7.111,1249,2024,661539
A Real Pain,"[35, 18]",6.8,1203,2024,1013850
The First Omen,[27],6.85,1190,2024,437342
Apocalypse Z: The Beginning of the End,"[18, 28, 27]",6.723,1168,2024,1118031
The Crow,"[28, 14, 27]",5.816,1155,2024,957452
Kinds of Kindness,"[18, 35]",6.48,1123,2024,1029955
Ghostbusters: Frozen Empire,"[14, 12, 35]",6.482,1969,2024,967847
Smile 2,"[27, 9648]",6.594,1890,2024,1100782
Late Night with the Devil,[27],7.11,1865,2024,938614
Emilia Pérez,"[18, 53]",6.511,1835,2024,974950
The Count of Monte Cristo,"[12, 28, 18]",7.954,1819,2024,1084736
The Idea of You,"[10749, 18, 35]",7.333,1807,2024,843527
Terrifier 3,"[27, 53]",6.814,1799,2024,1034541
Speak No Evil,"[27, 53]",7.186,1789,2024,1114513
Abigail,"[27, 53, 80, 28, 35]",6.723,1777,2024,1111873
It Ends with Us,"[18, 10749]",6.971,1754,2024,1079091
Blink Twice,"[9648, 53]",6.681,1667,2024,840705
The Ministry of Ungentlemanly Warfare,"[28, 35, 10752]",7.034,1664,2024,799583
Argylle,"[28, 12, 35]",6.023,1595,2024,848538
Immaculate,"[27, 9648, 53]",6.224,1511,2024,1041613
Rebel Ridge,"[80, 28, 53]",6.997,1462,2024,646097
IF,"[35, 14, 10751]",7.018,1461,2024,639720
Your Fault,"[18, 10749]",7.132,1454,2024,1156593
Atlas,"[878, 28]",6.704,1454,2024,614933
Hit Man,"[35, 10749, 80]",6.794,1434,2024,974635
Transformers One,"[16, 878, 12, 10751]",8.023,1434,2024,698687
Despicable Me 4,"[10751, 35, 16, 878]",7.014,2971,2024,519182
Beetlejuice Beetlejuice,"[35, 14, 27]",6.961,2844,2024,917496
Moana 2,"[10751, 35, 12, 16, 14]",7.0,2784,2024,1241982
Road House,"[28, 53]",6.9,2757,2024,359410
Anora,"[18, 35, 10749]",7.05,2730,2024,1064213
Red One,"[28, 35, 14]",7.036,2718,2024,845781
Twisters,"[28, 53]",6.791,2702,2024,718821
Joker: Folie à Deux,"[18, 80, 53]",5.408,2671,2024,889737
Damsel,"[14, 28, 12]",6.998,2588,2024,763215
Wicked,"[18, 10749, 14]",6.903,2544,2024,402431
Trap,"[80, 27, 9648, 53]",6.3,2515,2024,1032823
Carry-On,"[53, 28]",6.889,2477,2024,1005331
Flow,"[16, 12, 14, 10751]",8.129,2440,2024,823219
Mufasa: The Lion King,"[12, 10751, 16]",7.358,2435,2024,762509
Challengers,"[18, 10749]",6.939,2427,2024,937287
Madame Web,"[28, 14]",5.318,2387,2024,634492
Longlegs,"[80, 27, 53]",6.565,2326,2024,1226578
Heretic,"[27, 53]",6.974,2281,2024,1138194
Juror #2,"[18, 53]",6.871,2199,2024,1106739
Kraven the Hunter,"[28, 12, 53]",6.468,2092,2024,539972
Deadpool & Wolverine,"[28, 35, 878]",7.57,7929,2024,533535
Dune: Part Two,"[878, 12]",8.132,7199,2024,693134
Inside Out 2,"[16, 12, 35, 10751]",7.551,6247,2024,1022789
The Wild Robot,"[16, 878, 10751, 12, 18]",8.319,5491,2024,1184918
The Substance,"[18, 27, 878]",7.14,5341,2024,933260
Furiosa: A Mad Max Saga,"[28, 878, 12]",7.459,4490,2024,786892
Godzilla x Kong: The New Empire,"[28, 12, 878]",7.1,4394,2024,823464
Alien: Romulus,"[27, 878]",7.175,4090,2024,945961
Gladiator II,"[28, 12, 18]",6.653,3990,2024,558449
Kingdom of the Planet of the Apes,"[878, 12, 28]",7.057,3960,2024,653346
Civil War,"[10752, 28, 18]",6.848,3927,2024,929590
The Beekeeper,"[28, 80, 53]",7.3,3868,2024,866398
Venom: The Last Dance,"[28, 878, 12]",6.683,3842,2024,912649
The Fall Guy,"[28, 35, 10749]",6.982,3307,2024,746036
Kung Fu Panda 4,"[16, 10751, 28, 35, 12, 14]",7.029,3275,2024,1011985
Nosferatu,"[27, 14]",6.691,3242,2024,426063
Bad Boys: Ride or Die,"[28, 35, 80, 53, 12]",7.346,3113,2024,573435
A Quiet Place: Day One,"[27, 878, 53]",6.684,3018,2024,762441
Sonic the Hedgehog 3,"[28, 878, 35, 10751]",7.647,3013,2024,939243
Conclave,"[18, 53]",7.201,3003,2024,974576
The Mother,"[28, 53]",6.625,1353,2023,552688
No One Will Save You,"[27, 878]",6.679,1338,2023,820609
The Three Musketeers: D'Artagnan,"[12, 28, 18, 36]",6.938,1322,2023,796185
When Evil Lurks,"[27, 53]",7.209,1306,2023,744857
Retribution,"[53, 28, 12]",6.564,1298,2023,762430
Leo,"[16, 35, 10751]",7.392,1282,2023,1075794
Nimona,"[16, 10751, 28, 878, 12, 14, 35]",7.868,1271,2023,961323
Dogman,"[28, 18, 80]",7.874,1267,2023,944401
Knights of the Zodiac,"[14, 28, 12, 878]",6.3,1241,2023,455476
The Wonderful Story of Henry Sugar,"[35, 14, 12]",7.239,1232,2023,923939
Beau Is Afraid,"[35, 12, 14]",6.718,1225,2023,798286
To Catch a Killer,"[53, 80, 18]",6.864,1209,2023,605886
American Fiction,"[35, 18]",7.283,1209,2023,1056360
The Exorcist: Believer,"[27, 53]",5.8,1197,2023,807172
Missing,"[18, 9648, 53]",7.41,1188,2023,768362
Haunted Mansion,"[35, 18, 14]",6.439,1169,2023,616747
Kandahar,"[28, 53, 10752]",6.808,1162,2023,717930
Ferrari,"[36, 18]",6.4,1162,2023,365620
Dream Scenario,"[35, 14]",6.651,1160,2023,823482
Asterix & Obelix: The Middle Kingdom,"[10751, 35, 12]",4.837,1119,2023,643215
Past Lives,"[18, 10749]",7.72,2084,2023,666277
Ghosted,"[28, 35, 10749]",6.916,2040,2023,868759
Renfield,"[35, 14, 27]",6.46,1997,2023,649609
Insidious: The Red Door,"[27, 53]",6.534,1871,2023,614479
Murder Mystery 2,"[9648, 35, 80]",6.4,1857,2023,638974
Heart of Stone,"[53, 28]",6.758,1820,2023,724209
The Last Voyage of the Demeter,"[27, 14]",6.748,1816,2023,635910
Operation Fortune: Ruse de Guerre,"[28, 35, 53]",6.466,1773,2023,739405
Expend4bles,"[28, 12, 53]",6.09,1764,2023,299054
Wish,"[16, 10751, 14, 12]",6.272,1687,2023,1022796
Perfect Days,[18],7.773,1656,2023,976893
The Family Plan,"[28, 35, 10751]",7.242,1651,2023,1029575
Tetris,"[53, 36, 18]",7.663,1569,2023,726759
Winnie the Pooh: Blood and Honey,"[27, 53]",4.993,1511,2023,980078
Nowhere,"[53, 18]",7.336,1488,2023,1151534
Teenage Mutant Ninja Turtles: Mutant Mayhem,"[16, 35, 28, 878]",7.211,1488,2023,614930
Thanksgiving,"[27, 9648]",6.483,1454,2023,1071215
"Red, White & Royal Blue","[35, 10749]",7.9,1453,2023,930094
There's Still Tomorrow,"[18, 35, 36]",8.1,1440,2023,1026227
Hypnotic,"[9648, 878, 53, 28, 18]",6.206,1379,2023,536437
Godzilla Minus One,"[878, 27, 28]",7.592,2871,2023,940721
Anyone But You,"[10749, 35]",6.831,2789,2023,1072790
Creed III,"[18, 28]",7.1,2745,2023,677179
Extraction 2,"[28, 53, 80]",7.406,2713,2023,697843
Saltburn,"[18, 35, 53]",6.962,2696,2023,930564
65,"[28, 12, 878]",5.964,2679,2023,700391
A Haunting in Venice,"[9648, 53, 80]",6.585,2642,2023,945729
Sound of Freedom,"[28, 18]",7.979,2628,2023,678512
The Killer,"[80, 53]",6.579,2560,2023,800158
Plane,"[28, 12, 53]",6.907,2506,2023,646389
Rebel Moon - Part One: A Child of Fire,"[878, 28, 12]",6.239,2411,2023,848326
The Boy and the Heron,"[16, 12, 14, 10751, 18]",7.414,2388,2023,508883
The Zone of Interest,"[18, 36]",7.003,2353,2023,467244
The Nun II,[27],6.675,2349,2023,968051
Cocaine Bear,"[53, 35, 80]",6.022,2285,2023,804150
Asteroid City,"[35, 18]",6.441,2286,2023,747188
Saw X,"[27, 9648]",7.193,2216,2023,951491
The Holdovers,"[35, 18]",7.7,2210,2023,840430
Air,"[18, 36]",7.3,2197,2023,964980
Migration,"[10751, 35, 12, 16]",7.4,2124,2023,940551
No Hard Feelings,"[35, 10749]",6.699,3571,2023,884605
The Creator,"[878, 28, 12]",7.027,3561,2023,670292
Talk to Me,[27],7.142,3487,2023,1008042
Shazam! Fury of the Gods,"[35, 28, 14]",6.4,3474,2023,594767
The Equalizer 3,"[28, 53, 80]",7.3,3468,2023,926393
Evil Dead Rise,"[27, 53]",6.923,3435,2023,713704
Society of the Snow,"[18, 36]",8.0,3299,2023,906126
Aquaman and the Lost Kingdom,"[28, 12, 14]",6.6,3268,2023,572802
The Hunger Games: The Ballad of Songbirds & Snakes,"[18, 878, 28]",7.0,3260,2023,695721
The Little Mermaid,"[12, 10751, 14, 10749]",6.29,3179,2023,447277
The Marvels,"[878, 12, 28]",5.963,3155,2023,609681
Gran Turismo,"[12, 28, 18]",7.739,3154,2023,980489
The Pope's Exorcist,"[27, 53]",6.933,3010,2023,758323
Anatomy of a Fall,"[53, 9648, 80]",7.539,3006,2023,915935
Leave the World Behind,"[18, 9648, 53]",6.377,2973,2023,726209
Blue Beetle,"[28, 878, 12]",6.659,2942,2023,565770
Scream VI,"[27, 80, 53]",6.974,2938,2023,934433
Guy Ritchie's The Covenant,"[10752, 28, 53]",7.73,2938,2023,882569
Knock at the Cabin,"[27, 9648, 53]",6.255,2936,2023,631842
Napoleon,"[36, 10752, 10749]",6.3,2898,2023,753342
Oppenheimer,"[18, 36]",8.046,10955,2023,872585
Barbie,"[35, 12]",6.946,10459,2023,346698
The Super Mario Bros. Movie,"[10751, 35, 12, 16, 14]",7.603,10065,2023,502356
Spider-Man: Across the Spider-Verse,"[16, 28, 12, 878]",8.338,8026,2023,569094
Guardians of the Galaxy Vol. 3,"[878, 12, 28, 35]",7.932,7783,2023,447365
John Wick: Chapter 4,"[28, 53, 80]",7.716,7477,2023,603692
Fast X,"[28, 80, 53, 12, 9648]",7.016,6104,2023,385687
Ant-Man and the Wasp: Quantumania,"[28, 12, 878]",6.3,5508,2023,640146
Transformers: Rise of the Beasts,"[878, 12, 28]",7.202,5071,2023,667538
Poor Things,"[878, 10749, 35]",7.661,5069,2023,792307
Elemental,"[10751, 14, 35, 10749, 16]",7.6,5026,2023,976573
The Flash,"[28, 878, 12]",6.6,4754,2023,298618
Mission: Impossible - Dead Reckoning Part One,"[28, 53]",7.519,4716,2023,575264
Five Nights at Freddy's,"[27, 53]",7.374,4620,2023,507089
Dungeons & Dragons: Honor Among Thieves,"[12, 14, 35]",7.332,4231,2023,493529
Wonka,"[35, 10751, 14]",7.053,4118,2023,787699
My Fault,"[18, 10749, 53]",7.763,3919,2023,1010581
Indiana Jones and the Dial of Destiny,"[12, 28]",6.531,3861,2023,335977
Killers of the Flower Moon,"[80, 36, 18]",7.409,3834,2023,466420
Meg 2: The Trench,"[28, 878, 27]",6.404,3776,2023,615656
The Sea Beast,"[16, 12, 28, 10751, 14]",7.325,1608,2022,560057
Memory,"[28, 53, 80]",6.746,1595,2022,818397
Suzume,"[16, 18, 12, 14]",7.896,1587,2022,916224
Texas Chainsaw Massacre,[27],5.21,1571,2022,632727
Three Thousand Years of Longing,"[18, 14, 10749]",6.885,1563,2022,556694
Deep Water,"[18, 9648, 53]",5.817,1531,2022,619979
Bones and All,"[27, 10749, 18]",7.027,1518,2022,791177
RRR,"[28, 12, 18]",7.739,1474,2022,579974
Blonde,[18],5.929,1462,2022,301502
Werewolf by Night,"[28, 14, 27]",6.978,1432,2022,894205
TÁR,"[10402, 18]",7.09,1426,2022,817758
Thirteen Lives,"[18, 53]",7.857,1399,2022,698948
Decision to Leave,"[53, 9648, 10749]",7.335,1370,2022,705996
Strange World,"[16, 10751, 12, 878, 14]",6.3,1364,2022,877269
The Good Nurse,"[18, 80, 9648]",6.874,1354,2022,541134
Bodies Bodies Bodies,"[27, 35, 9648]",6.177,1349,2022,520023
Ticket to Paradise,"[18, 35, 10749]",6.43,1339,2022,800939
The School for Good and Evil,"[14, 35, 12, 18]",7.051,1325,2022,779782
After Ever Happy,"[10749, 18]",6.79,1325,2022,744276
Chip 'n Dale: Rescue Rangers,"[16, 10751, 35, 12, 9648]",6.999,1314,2022,420821
The Guardians of the Galaxy Holiday Special,"[35, 878, 12]",7.1,2225,2022,774752
Samaritan,"[878, 80, 28]",6.673,2113,2022,629176
Day Shift,"[28, 14, 27, 35, 53]",6.753,2100,2022,755566
Where the Crawdads Sing,"[18, 9648, 10749]",7.543,2095,2022,682507
The Pale Blue Eye,"[53, 80, 27, 9648]",6.811,2033,2022,800815
Halloween Ends,"[27, 53]",6.066,1920,2022,616820
Luck,"[16, 12, 35, 14]",7.749,1860,2022,585511
Troll,"[14, 28, 12]",6.583,1832,2022,736526
365 Days: This Day,"[10749, 18]",5.93,1783,2022,829557
The Ice Age Adventures of Buck Wild,"[16, 35, 10751, 12]",6.588,1779,2022,774825
Fresh,"[27, 53]",6.973,1775,2022,787752
Hocus Pocus 2,"[14, 35, 10751]",7.2,1773,2022,642885
Amsterdam,"[9648, 35, 18]",6.063,1718,2022,664469
Dog,"[18, 35]",7.306,1694,2022,626735
Pinocchio,"[14, 12, 10751]",6.306,1683,2022,532639
Aftersun,[18],7.675,1673,2022,965150
DC League of Super-Pets,"[10751, 35, 12, 16, 878]",7.178,1667,2022,539681
Spiderhead,"[878, 53]",5.786,1667,2022,615469
Beast,"[53, 28, 27, 12]",6.542,1665,2022,760741
Enola Holmes 2,"[12, 9648, 80]",7.321,1635,2022,829280
Through My Window,"[10749, 18, 35]",7.362,3279,2022,818647
Guillermo del Toro's Pinocchio,"[16, 14, 12, 18]",8.042,3174,2022,555604
The Banshees of Inisherin,"[18, 35]",7.457,3117,2022,674324
Barbarian,"[27, 53]",6.839,2960,2022,913290
Dragon Ball Super: Super Hero,"[16, 878, 28]",7.887,2947,2022,610150
Hotel Transylvania: Transformania,"[16, 35, 10751, 12, 14]",7.051,2937,2022,585083
Don't Worry Darling,"[878, 9648, 53]",6.778,2782,2022,619730
Purple Hearts,"[10749, 18]",8.1,2772,2022,762975
Hustle,"[18, 35]",7.719,2709,2022,705861
Triangle of Sadness,"[35, 18]",7.027,2628,2022,497828
The Fabelmans,[18],7.576,2589,2022,804095
Sisu,"[28, 10752]",7.397,2481,2022,840326
Pearl,"[27, 53]",7.241,2381,2022,949423
The Bad Guys,"[10751, 35, 80, 12, 16, 28]",7.535,2380,2022,629542
Violent Night,"[28, 35, 14]",7.237,2378,2022,899112
Terrifier 2,"[27, 53]",6.697,2373,2022,663712
Ambulance,"[53, 28, 80]",6.636,2302,2022,763285
The Unbearable Weight of Massive Talent,"[28, 35, 80]",6.788,2298,2022,648579
The Woman King,"[28, 18, 36]",7.636,2265,2022,724495
Orphan: First Kill,"[27, 53]",6.613,2233,2022,760161
The Adam Project,"[12, 878, 28, 35]",7.006,4684,2022,696806
Morbius,"[28, 878, 14]",5.939,4632,2022,526896
Nope,"[27, 878]",6.825,4596,2022,762504
M3GAN,"[878, 27]",7.047,4555,2022,536554
All Quiet on the Western Front,"[10752, 36, 18]",7.722,4376,2022,49046
The Whale,[18],7.793,4357,2022,785084
Fall,[53],7.122,4316,2022,985939
The Gray Man,"[28, 53]",6.923,3989,2022,725201
Death on the Nile,"[9648, 80, 53]",6.422,3979,2022,505026
Minions: The Rise of Gru,"[10751, 35, 12, 16, 878, 14]",7.285,3861,2022,438148
The Lost City,"[28, 12, 35]",6.471,3832,2022,752623
Smile,"[27, 9648]",6.667,3812,2022,882598
X,"[27, 53]",6.734,3727,2022,760104
Elvis,"[18, 10402, 36]",7.477,3710,2022,614934
Lightyear,"[16, 878, 10751, 12]",6.896,3657,2022,718789
Scream,"[27, 9648]",6.689,3614,2022,646385
Babylon,"[18, 35]",7.373,3532,2022,615777
Harry Potter 20th Anniversary: Return to Hogwarts,[99],7.306,3452,2022,899082
Moonfall,"[878, 12, 28]",6.266,3392,2022,406759
A Man Called Otto,"[35, 18]",7.754,3292,2022,937278
Avatar: The Way of Water,"[28, 12, 878]",7.6,13043,2022,76600
The Batman,"[80, 9648, 53]",7.658,11370,2022,414906
Top Gun: Maverick,"[28, 18]",8.165,10335,2022,361743
Doctor Strange in the Multiverse of Madness,"[14, 28, 12]",7.24,9872,2022,453395
Puss in Boots: The Last Wish,"[16, 12, 14, 35, 10751]",8.21,8484,2022,315162
Thor: Love and Thunder,"[14, 28, 35]",6.4,8203,2022,616037
Everything Everywhere All at Once,"[28, 12, 878]",7.728,7442,2022,545611
Prey,"[53, 28, 878]",7.674,7341,2022,766507
Black Panther: Wakanda Forever,"[28, 12, 878]",7.0,7101,2022,505642
Bullet Train,"[28, 35, 53]",7.4,7041,2022,718930
Black Adam,"[28, 12, 878]",6.8,6766,2022,436270
Jurassic World Dominion,"[12, 28, 878]",6.631,6732,2022,507086
Uncharted,"[28, 12]",6.886,6488,2022,335787
Glass Onion: A Knives Out Mystery,"[35, 80, 9648]",7.037,6179,2022,661374
The Menu,"[35, 27, 53]",7.172,5706,2022,593643
Sonic the Hedgehog 2,"[28, 12, 10751, 35]",7.447,5688,2022,675353
Turning Red,"[16, 10751, 35, 14]",7.329,5589,2022,508947
The Black Phone,"[27, 53]",7.551,5498,2022,756999
Fantastic Beasts: The Secrets of Dumbledore,"[14, 12]",6.635,4882,2022,338953
The Northman,"[28, 12, 14]",7.036,4777,2022,639933
Minari,[18],7.341,1758,2021,615643
Those Who Wish Me Dead,"[53, 28]",6.623,1757,2021,578701
Spencer,"[18, 36]",6.751,1756,2021,716612
The Hand of God,[18],7.535,1727,2021,722778
West Side Story,"[18, 10749, 80]",6.956,1694,2021,511809
The Marksman,"[28, 18, 53]",6.798,1681,2021,634528
Candyman,"[27, 53]",5.999,1679,2021,565028
Snake Eyes: G.I. Joe Origins,"[28, 12]",6.471,1648,2021,568620
Blood Red Sky,"[27, 53, 28]",6.813,1647,2021,760883
The Worst Person in the World,"[18, 10749, 35]",7.441,1646,2021,660120
Judas and the Black Messiah,"[18, 36]",7.311,1635,2021,583406
Kate,"[28, 53]",6.636,1626,2021,597891
Pig,"[18, 53]",6.646,1614,2021,635731
Belfast,"[18, 36]",7.1,1610,2021,777270
Titane,"[18, 53, 27]",6.331,1588,2021,630240
Jujutsu Kaisen 0,"[16, 28, 14]",8.121,1578,2021,810693
Love Hard,"[35, 10749]",6.93,1547,2021,734265
Fatherhood,"[18, 35]",7.5,1481,2021,607259
Oxygen,"[878, 53, 27]",6.604,1480,2021,471498
He's All That,"[35, 10749]",6.493,1444,2021,347626
The Unholy,"[27, 9648]",6.568,2221,2021,632357
"tick, tick... BOOM!","[18, 10402]",7.612,2214,2021,537116
Spiral: From the Book of Saw,"[27, 9648]",5.92,2181,2021,602734
Army of Thieves,"[28, 80, 35]",6.813,2178,2021,796499
Escape Room: Tournament of Champions,"[27, 53, 9648]",6.515,2171,2021,585216
Fear Street: 1978,"[27, 9648]",7.2,2111,2021,591274
The Green Knight,"[12, 18, 14]",6.607,2070,2021,559907
The Woman in the Window,"[80, 9648, 53]",6.0,2070,2021,520663
Infinite,"[878, 28, 12]",6.59,2022,2021,581726
To All the Boys: Always and Forever,"[10749, 35, 18]",7.515,2008,2021,614409
The Kissing Booth 3,"[10749, 35]",6.869,1976,2021,727745
Ron's Gone Wrong,"[16, 878, 10751, 35]",7.9,1949,2021,482321
The Unforgivable,"[18, 80]",7.4,1935,2021,645886
Fear Street: 1666,"[9648, 27]",7.1,1897,2021,591275
Reminiscence,"[9648, 878]",6.541,1877,2021,579047
Outside the Wire,"[53, 28, 878]",6.349,1863,2021,775996
The Ice Road,"[28, 53]",6.8,1827,2021,646207
Palmer,[18],8.139,1824,2021,458220
Boss Level,"[28, 878, 53]",6.86,1784,2021,513310
Clifford the Big Red Dog,"[10751, 12, 35, 14]",7.2,1779,2021,585245
I Care a Lot,"[80, 53, 18, 35]",6.6,2861,2021,601666
The Power of the Dog,"[18, 37]",6.753,2834,2021,600583
The French Dispatch,"[18, 35]",7.015,2819,2021,542178
Halloween Kills,"[27, 53]",6.432,2815,2021,610253
Don't Breathe 2,"[53, 27]",7.019,2721,2021,482373
King Richard,"[18, 36]",7.6,2701,2021,614917
After We Fell,"[10749, 18]",7.023,2687,2021,744275
The Little Things,"[18, 80, 53]",6.3,2671,2021,602269
The Boss Baby: Family Business,"[16, 35, 12, 10751]",7.3,2634,2021,459151
The Forever Purge,"[28, 27, 53]",6.894,2602,2021,602223
Resident Evil: Welcome to Raccoon City,"[28, 27, 878]",5.955,2597,2021,460458
Tom Clancy's Without Remorse,"[28, 53, 10752]",6.954,2576,2021,567189
Fear Street: 1994,"[27, 9648]",6.7,2516,2021,591273
Tom & Jerry,"[35, 10751, 16]",6.744,2516,2021,587807
Malignant,"[27, 9648]",6.758,2505,2021,619778
Licorice Pizza,"[18, 35, 10749]",7.0,2495,2021,718032
Chaos Walking,"[14, 878, 12]",6.562,2458,2021,412656
Hitman's Wife's Bodyguard,"[28, 35, 80, 53]",6.663,2455,2021,522931
CODA,"[18, 10402, 10749]",7.903,2426,2021,776503
Coming 2 America,[35],6.368,2312,2021,484718
Red Notice,"[28, 35, 80]",6.8,6175,2021,512195
The Matrix Resurrections,"[878, 28, 12]",6.4,6174,2021,624860
Mortal Kombat,"[28, 14, 12]",7.003,6107,2021,460465
Jungle Cruise,"[14, 12]",7.323,5959,2021,451048
Wrath of Man,"[53, 80, 18]",7.592,5811,2021,637649
Ghostbusters: Afterlife,"[14, 35, 12, 878]",7.3,4942,2021,425909
The King's Man,"[28, 12, 53]",6.728,4859,2021,476669
Old,"[53, 9648, 27]",6.323,4714,2021,631843
Sing 2,"[10751, 35, 10402, 16]",7.838,4650,2021,438695
Army of the Dead,"[80, 28, 27]",6.229,4247,2021,503736
Space Jam: A New Legacy,"[10751, 35, 12, 16, 878]",6.7,4134,2021,379686
The Tomorrow War,"[28, 878, 12]",7.49,3871,2021,588228
Finch,"[878, 18, 12]",7.823,3774,2021,522402
Last Night in Soho,"[27, 9648]",7.282,3681,2021,576845
The Last Duel,"[36, 18, 28]",7.4,3659,2021,617653
House of Gucci,"[18, 80, 36]",6.575,3307,2021,644495
Nomadland,[18],7.185,3194,2021,581734
Nightmare Alley,"[80, 18, 53]",6.965,3177,2021,597208
The Mitchells vs. the Machines,"[16, 12, 35]",7.861,3174,2021,501929
The Guilty,"[18, 53]",6.427,2933,2021,567748
Spider-Man: No Way Home,"[28, 12, 878]",7.937,21275,2021,634649
Dune,"[878, 12]",7.778,14110,2021,438631
Venom: Let There Be Carnage,"[878, 28, 12]",6.8,10869,2021,580489
Black Widow,"[28, 12, 878]",7.188,10849,2021,497698
Zack Snyder's Justice League,"[28, 12, 14]",8.102,10479,2021,791373
Godzilla vs. Kong,"[28, 878, 12]",7.558,10373,2021,399566
Shang-Chi and the Legend of the Ten Rings,"[28, 12, 14]",7.5,10031,2021,566525
Encanto,"[16, 35, 10751, 14]",7.58,9925,2021,568124
Cruella,"[35, 80, 12]",7.983,9784,2021,337404
Free Guy,"[35, 12, 878]",7.463,9379,2021,550988
The Suicide Squad,"[28, 35, 12]",7.477,9229,2021,436969
Don't Look Up,"[35, 878]",7.067,8890,2021,646380
Eternals,"[878, 28, 12]",6.8,8827,2021,524434
Luca,"[16, 35, 14, 12, 10751]",7.793,8726,2021,508943
Nobody,"[28, 53]",7.9,7869,2021,615457
F9,"[28, 12, 80]",7.033,7509,2021,385128
Raya and the Last Dragon,"[16, 10751, 14, 28, 12]",7.818,7088,2021,527774
A Quiet Place Part II,"[878, 53, 27]",7.451,7073,2021,520763
No Time to Die,"[28, 53, 12]",7.353,6757,2021,370172
The Conjuring: The Devil Made Me Do It,"[27, 9648, 53]",7.4,6327,2021,423108
The Way Back,[18],6.643,1281,2020,529485
Happiest Season,"[10749, 35]",7.127,1271,2020,520172
Brahms: The Boy II,"[27, 9648, 53]",5.88,1270,2020,555974
Pieces of a Woman,[18],7.021,1266,2020,641662
Tolo Tolo,"[35, 18, 10751]",6.116,1263,2020,593402
The Courier,"[53, 36, 18]",7.038,1241,2020,522241
The Wrong Missy,"[35, 10749]",6.144,1229,2020,582596
Ma Rainey's Black Bottom,"[18, 10402]",6.651,1216,2020,615667
I Still Believe,"[10402, 18, 10749]",7.6,1206,2020,585244
Work It,"[35, 10402]",7.506,1198,2020,612706
His House,"[18, 27]",6.415,1177,2020,575774
Feel the Beat,"[35, 10402, 18]",7.57,1143,2020,707886
Chemical Hearts,"[18, 10749]",7.319,1143,2020,621013
Rebecca,"[10749, 18, 9648, 53]",6.3,1135,2020,505379
Da 5 Bloods,"[10752, 18]",6.448,1132,2020,581859
"Miraculous World: New York, United HeroeZ","[16, 10770, 14, 28]",8.098,1119,2020,755812
The Outpost,"[10752, 18, 36, 28]",6.9,1116,2020,531876
The Christmas Chronicles: Part Two,"[10751, 14, 12, 35]",6.484,1106,2020,654028
Money Heist: The Phenomenon,[99],7.5,1080,2020,689249
The King of Staten Island,"[35, 18]",7.0,1080,2020,579583
Freaky,"[27, 35]",6.558,1743,2020,551804
Hubie Halloween,"[35, 9648, 27]",5.913,1721,2020,617505
Mank,"[18, 36]",6.684,1712,2020,614560
The Social Dilemma,"[99, 18]",7.44,1699,2020,656690
Artemis Fowl,"[12, 14, 878, 10751, 28]",5.535,1697,2020,475430
Color Out of Space,"[27, 878, 9648, 53]",6.054,1596,2020,548473
The Half of It,"[35, 10749, 18]",7.1,1552,2020,597219
Gabriel's Inferno: Part II,"[10749, 18]",8.369,1534,2020,724089
Justice League Dark: Apokolips War,"[16, 28, 12, 14]",8.212,1522,2020,618344
Gretel & Hansel,"[27, 14]",5.999,1507,2020,542224
Eurovision Song Contest: The Story of Fire Saga,"[35, 10402]",6.42,1502,2020,531454
A Whisker Away,"[16, 18, 10749, 14]",7.881,1449,2020,667520
Mortal Kombat Legends: Scorpion's Revenge,"[16, 28, 14]",8.091,1426,2020,664767
Escape from Pretoria,"[18, 36, 53]",7.186,1419,2020,502425
Rose Island,"[35, 12]",7.033,1369,2020,636565
Over the Moon,"[16, 12, 10751, 14]",7.191,1352,2020,560050
Return,[16],6.4,1346,2020,836466
The Lodge,"[27, 18, 9648, 53]",6.109,1344,2020,474764
My Spy,"[10751, 28, 35]",6.9,1324,2020,592834
Wolfwalkers,"[16, 10751, 12, 14]",8.205,1305,2020,441130
Sound of Metal,"[18, 10402]",7.7,2710,2020,502033
Ava,"[28, 53, 80]",5.828,2674,2020,539885
To All the Boys: P.S. I Still Love You,"[10749, 35]",6.822,2639,2020,565426
Fantasy Island,"[12, 14, 27, 9648]",5.77,2569,2020,539537
Peninsula,"[27, 28, 53, 12]",6.744,2490,2020,581392
Guns Akimbo,"[28, 35, 80, 53]",6.432,2453,2020,457335
Gabriel's Inferno,"[10749, 18]",8.403,2437,2020,696374
Spenser Confidential,"[35, 28, 53]",6.516,2417,2020,581600
Unhinged,"[28, 53, 27]",6.438,2407,2020,625568
Holidate,"[35, 10749]",6.985,2280,2020,615665
Trolls World Tour,"[10751, 16, 35, 14, 12, 10402]",7.256,2219,2020,446893
I'm Thinking of Ending Things,"[9648, 53, 27]",6.572,2081,2020,500840
#Alive,"[28, 27, 878]",7.227,1955,2020,614696
Life in a Year,"[18, 10749]",8.241,1941,2020,447362
The Midnight Sky,"[878, 18]",5.732,1930,2020,614911
Emma.,"[35, 10749]",7.009,1862,2020,556678
News of the World,"[18, 37, 12]",6.946,1853,2020,581032
Honest Thief,"[53, 28, 80]",6.484,1821,2020,553604
The Babysitter: Killer Queen,"[35, 27]",6.339,1765,2020,623491
Scoob!,"[16, 35, 10751, 9648]",7.005,1764,2020,385103
The Croods: A New Age,"[16, 10751, 12, 14, 35]",7.5,4005,2020,529203
The Call of the Wild,"[12, 10751, 18]",7.531,3867,2020,481848
Dolittle,"[10751, 35, 14, 12]",6.588,3764,2020,448119
The New Mutants,"[878, 27, 28]",6.084,3588,2020,340102
Another Round,"[35, 18]",7.635,3577,2020,580175
The Devil All the Time,"[80, 18, 53]",7.193,3519,2020,499932
Promising Young Woman,"[53, 80, 18]",7.402,3491,2020,582014
The Hunt,"[28, 53, 27]",6.626,3473,2020,514847
Palm Springs,"[35, 10749, 878]",7.334,3453,2020,587792
The Father,[18],8.101,3453,2020,600354
Monster Hunter,"[28, 14, 12]",6.541,3442,2020,458576
Underwater,"[27, 878, 28, 12]",6.283,3300,2020,443791
The Trial of the Chicago 7,"[18, 36]",7.67,3218,2020,556984
Greyhound,"[10752, 28, 18]",7.417,3151,2020,516486
Project Power,"[28, 80, 878]",6.431,2965,2020,605116
All the Bright Places,"[10749, 18]",7.637,2950,2020,342470
The SpongeBob Movie: Sponge on the Run,"[10751, 35, 12, 16]",7.4,2919,2020,400160
Roald Dahl's The Witches,"[35, 14, 10751, 27]",6.349,2915,2020,531219
Run,"[53, 27, 18]",7.231,2750,2020,546121
Borat Subsequent Moviefilm,[35],6.437,2722,2020,740985
Soul,"[16, 10751, 35, 14, 18]",8.1,11021,2020,508442
Tenet,"[28, 53, 878]",7.176,10599,2020,577922
Birds of Prey (and the Fantabulous Emancipation of One Harley Quinn),"[28, 80]",6.9,10581,2020,495764
Sonic the Hedgehog,"[28, 878, 35, 10751]",7.297,10137,2020,454626
365 Days,"[10749, 18]",7.009,9340,2020,664413
Wonder Woman 1984,"[28, 12, 14]",6.392,8816,2020,464052
Bad Boys for Life,"[53, 28, 80]",7.127,8541,2020,38700
Mulan,"[12, 14, 28]",6.844,6913,2020,337401
Onward,"[10751, 35, 12, 16, 14]",7.654,6405,2020,508439
Extraction,"[28, 53]",7.304,6385,2020,545609
Enola Holmes,"[12, 9648, 80]",7.242,6321,2020,497582
The Gentlemen,"[35, 80]",7.668,6279,2020,522627
The Invisible Man,"[53, 878, 27]",7.1,6051,2020,570670
After We Collided,"[10749, 18]",7.163,5413,2020,613504
Bloodshot,"[28, 878, 12]",6.696,5123,2020,338762
The Kissing Booth 2,"[35, 10749]",7.619,5077,2020,583083
Greenland,"[28, 12, 53, 878]",7.125,4828,2020,524047
The Old Guard,"[28, 14]",7.118,4603,2020,547016
Demon Slayer -Kimetsu no Yaiba- The Movie: Mugen Train,"[16, 28, 14, 53]",8.209,4313,2020,635302
Love and Monsters,"[35, 12, 878, 28]",7.278,4275,2020,590223
Cold Pursuit,"[28, 80, 53, 18, 35]",5.86,2710,2019,438650
I Am Mother,"[878, 53]",6.706,2701,2019,505948
Richard Jewell,"[18, 36]",7.418,2632,2019,292011
The Hustle,"[35, 80]",6.191,2612,2019,449562
Midway,"[28, 10752, 36]",7.111,2599,2019,522162
The Curse of La Llorona,[27],5.7,2585,2019,480414
Last Christmas,"[35, 10749]",7.218,2498,2019,549053
Weathering with You,"[16, 18, 14, 10749]",8.0,2495,2019,568160
The Addams Family,"[10751, 16, 35, 14]",6.6,2428,2019,481084
Just Mercy,"[18, 80, 36]",7.856,2396,2019,522212
Dark Waters,"[18, 53]",7.532,2377,2019,552178
Polar,"[28, 80, 18]",6.335,2372,2019,483906
Ma,"[27, 53]",5.818,2364,2019,502416
Vivarium,"[878, 53, 9648, 27]",6.047,2358,2019,458305
The Lego Movie 2: The Second Part,"[28, 12, 16, 35, 10751]",6.664,2332,2019,280217
A Rainy Day in New York,"[35, 10749]",6.486,2320,2019,475303
In the Tall Grass,"[27, 18, 53]",5.542,2313,2019,523139
Countdown,"[27, 53]",6.217,2227,2019,599975
The Highwaymen,"[80, 18, 53]",6.764,2150,2019,500682
Togo,"[12, 10751]",8.142,2147,2019,606856
The King,"[18, 36, 10752]",7.156,3419,2019,504949
Triple Frontier,"[28, 53, 80, 12]",6.323,3402,2019,399361
Jarhead: Law of Return,[10752],6.5,3354,2019,635744
Pet Sematary,[27],5.743,3329,2019,157433
Brightburn,"[27, 878]",6.134,3326,2019,531309
The Perfect Date,"[10749, 35]",6.441,3292,2019,543540
Crawl,"[27, 53]",6.32,3265,2019,511987
The Secret Life of Pets 2,"[10751, 35, 12, 16]",6.947,3228,2019,412117
Bombshell,[18],6.784,3112,2019,525661
Charlie's Angels,"[28, 12, 35]",6.4,3072,2019,458897
The Two Popes,"[18, 36]",7.489,3051,2019,551332
Hustlers,"[18, 35, 80]",6.5,3028,2019,540901
Spies in Disguise,"[16, 28, 12, 35, 10751]",7.57,2892,2019,431693
Anna,"[28, 12, 53]",6.706,2856,2019,484641
Portrait of a Lady on Fire,"[18, 10749, 36]",8.107,2803,2019,531428
Long Shot,"[35, 10749]",6.719,2788,2019,459992
Scary Stories to Tell in the Dark,"[27, 12, 9648]",6.494,2776,2019,417384
Fractured,"[53, 18]",6.748,2758,2019,568091
Booksmart,[35],7.009,2751,2019,505600
The Dead Don't Die,"[35, 27]",5.431,2749,2019,535581
The Lighthouse,"[18, 14, 53]",7.489,5298,2019,503919
Men in Black: International,"[35, 878, 28, 12]",5.9,5169,2019,479455
Uncut Gems,"[18, 53, 80]",7.151,5105,2019,473033
6 Underground,"[28, 35, 53]",6.34,4988,2019,509967
Ready or Not,"[27, 35]",7.036,4953,2019,567609
Escape Room,"[27, 53, 9648]",6.541,4893,2019,522681
Rocketman,"[10402, 18]",7.313,4846,2019,504608
Doctor Sleep,"[27, 14]",7.143,4691,2019,501170
Murder Mystery,"[28, 35, 9648]",6.3,4635,2019,514999
Miracle in Cell No. 7,[18],8.256,4496,2019,637920
Dumbo,"[10751, 14, 12]",6.591,4451,2019,329996
Klaus,"[16, 10751, 12, 35, 14]",8.23,4393,2019,508965
Yesterday,"[35, 14, 10402, 10749]",6.688,4109,2019,515195
Rambo: Last Blood,"[28, 53, 18]",6.534,4076,2019,522938
Annabelle Comes Home,[27],6.409,3738,2019,521029
Angel Has Fallen,"[28, 53]",6.597,3722,2019,423204
Hellboy,"[14, 27, 28, 12]",5.578,3595,2019,456740
Happy Death Day 2U,"[35, 27, 878]",6.326,3548,2019,512196
Isn't It Romantic,"[35, 14, 10749]",6.204,3537,2019,449563
"Extremely Wicked, Shockingly Evil and Vile","[18, 80]",7.0,3461,2019,457799
Ford v Ferrari,"[18, 28, 36]",8.007,8590,2019,359724
After,"[10749, 18]",7.115,8434,2019,537915
Us,"[27, 9648]",6.954,7797,2019,458723
Midsommar,"[27, 18, 9648]",7.153,7714,2019,530385
The Platform,"[18, 878, 53]",6.968,7575,2019,619264
Fast & Furious Presents: Hobbs & Shaw,"[28, 12, 35]",6.845,7543,2019,384018
The Irishman,"[80, 18, 36]",7.581,7225,2019,398978
Marriage Story,[18],7.732,7211,2019,492188
Pokémon Detective Pikachu,"[28, 12, 14]",6.912,7154,2019,447404
Ad Astra,"[878, 18]",6.1,6966,2019,419704
How to Train Your Dragon: The Hidden World,"[16, 10751, 12]",7.748,6857,2019,166428
Dark Phoenix,"[878, 28, 12]",5.962,6846,2019,320288
Little Women,"[18, 10749, 36]",7.86,6593,2019,331482
Godzilla: King of the Monsters,"[878, 28]",6.695,6469,2019,373571
Maleficent: Mistress of Evil,"[10751, 14, 12]",7.301,6331,2019,420809
Zombieland: Double Tap,"[27, 35]",6.9,6022,2019,338967
Five Feet Apart,"[10749, 18]",8.2,5802,2019,527641
Terminator: Dark Fate,"[878, 28, 12, 53]",6.4,5439,2019,290859
El Camino: A Breaking Bad Movie,"[80, 18, 53]",7.042,5381,2019,559969
Gemini Man,"[878, 28, 12, 53]",6.274,5309,2019,453405
Joker,"[80, 53, 18]",8.131,26974,2019,475557
Avengers: Endgame,"[12, 878, 28]",8.237,26927,2019,299534
Parasite,"[35, 53, 18]",8.496,19707,2019,496243
Spider-Man: Far From Home,"[28, 12, 878]",7.4,16451,2019,429617
Captain Marvel,"[28, 12, 878]",6.8,16351,2019,299537
Once Upon a Time... in Hollywood,"[35, 18, 53]",7.426,14286,2019,466272
Knives Out,"[35, 80, 9648]",7.843,13230,2019,546554
1917,"[10752, 36, 18, 28]",7.986,13092,2019,530915
John Wick: Chapter 3 - Parabellum,"[28, 53, 80]",7.444,11311,2019,458156
The Lion King,"[12, 18, 10751, 16]",7.103,10554,2019,420818
Star Wars: The Rise of Skywalker,"[12, 28, 878]",6.279,10446,2019,181812
Aladdin,"[12, 14, 10749, 10751]",7.093,10398,2019,420817
Toy Story 4,"[10751, 35, 16, 12]",7.469,10222,2019,301528
Frozen II,"[10751, 16, 12, 35, 14]",7.242,10061,2019,330457
Jojo Rabbit,"[35, 10752, 18]",7.995,10055,2019,515001
Shazam!,"[28, 35, 14]",7.0,9941,2019,287947
Alita: Battle Angel,"[28, 878, 12]",7.244,9669,2019,399579
It Chapter Two,"[27, 53]",6.838,9237,2019,474350
Jumanji: The Next Level,"[12, 35, 14]",6.9,9073,2019,512200
Glass,"[53, 18, 878]",6.664,8837,2019,450465
Suspiria,"[27, 9648, 18]",6.899,2682,2018,361292
Death Wish,"[28, 80, 53, 18]",6.203,2667,2018,395990
Alpha,"[12, 18]",6.525,2651,2018,399360
Adrift,"[53, 10749, 12]",6.838,2649,2018,429300
Johnny English Strikes Again,"[28, 12, 35]",6.262,2638,2018,463272
Ghostland,"[27, 9648, 53]",7.387,2567,2018,476299
Mowgli: Legend of the Jungle,"[12, 18]",6.47,2545,2018,407436
Widows,"[80, 53, 18]",6.5,2395,2018,401469
When We First Met,"[35, 10749, 14]",6.56,2328,2018,433310
Mile 22,"[28, 53]",6.235,2318,2018,347375
The Spy Who Dumped Me,"[35, 28, 12]",6.388,2298,2018,454992
The Christmas Chronicles,"[35, 12, 10751, 14]",7.149,2288,2018,527435
Hunter Killer,"[28, 12, 53]",6.897,2286,2018,399402
Every Day,"[10749, 14]",7.25,2272,2018,465136
Climax,"[27, 18]",7.046,2260,2018,507076
Dogman,"[80, 18, 53]",7.528,2258,2018,483184
The Princess Switch,"[10749, 35]",6.996,2249,2018,556803
The House with a Clock in Its Walls,"[35, 14, 10751, 27, 9648]",6.251,2239,2018,463821
Shoplifters,"[18, 80, 53]",7.8,2194,2018,505192
The Nutcracker and the Four Realms,"[14, 12, 10751]",6.1,2192,2018,426543
Midnight Sun,"[10749, 18]",7.812,3508,2018,419478
Mamma Mia! Here We Go Again,"[35, 10749]",7.088,3494,2018,458423
Vice,"[18, 35]",7.016,3483,2018,429197
Sierra Burgess Is a Loser,"[35, 18, 10749]",6.293,3441,2018,462919
The Cloverfield Paradox,"[27, 53, 878]",5.629,3434,2018,384521
Mary Poppins Returns,"[14, 10751, 35]",6.509,3399,2018,400650
Tag,"[35, 28]",6.712,3309,2018,455980
Den of Thieves,"[80, 53, 28]",6.854,3245,2018,449443
Instant Family,"[35, 18]",7.507,3125,2018,491418
12 Strong,"[10752, 18, 28, 36]",6.3,3096,2018,429351
Robin Hood,"[12, 28, 53, 14]",5.912,3067,2018,375588
Insidious: The Last Key,"[27, 53]",6.254,3045,2018,406563
Dragon Ball Super: Broly,"[28, 878, 16]",7.903,3036,2018,503314
Overlord,"[27, 10752, 878]",6.732,3003,2018,438799
The House That Jack Built,"[18, 27, 80, 53]",7.127,2939,2018,398173
The Darkest Minds,"[28, 12, 18]",7.029,2888,2018,445651
Christopher Robin,"[12, 35, 10751, 14]",7.304,2840,2018,420814
Terrifier,"[27, 53]",6.326,2824,2018,420634
Beautiful Boy,[18],7.552,2742,2018,451915
Set It Up,"[10749, 35]",6.9,2742,2018,384677
Skyscraper,"[28, 53, 12]",6.3,5197,2018,447200
Isle of Dogs,"[12, 35, 16]",7.843,5188,2018,399174
Pacific Rim: Uprising,"[28, 14, 878, 12]",6.133,5171,2018,268896
The Predator,"[878, 28, 53]",5.629,4940,2018,346910
Halloween,"[27, 53]",6.566,4932,2018,424139
Mortal Engines,"[12, 878]",6.208,4920,2018,428078
Upgrade,"[28, 53, 878]",7.497,4746,2018,500664
Hotel Transylvania 3: Summer Vacation,"[16, 35, 10751, 14]",6.853,4605,2018,400155
The Commuter,"[28, 53, 9648]",6.364,4510,2018,399035
A Simple Favor,"[53, 35, 9648]",6.638,4458,2018,484247
The Grinch,"[10751, 35, 16]",6.869,4271,2018,360920
The Ballad of Buster Scruggs,"[37, 35, 18, 10402, 9648, 10749]",7.13,4262,2018,537996
Truth or Dare,"[53, 27]",5.94,4147,2018,460019
The First Purge,"[28, 27, 53]",6.001,4123,2018,442249
Searching,"[18, 9648, 53]",7.57,4070,2018,489999
Black Mirror: Bandersnatch,"[878, 9648, 18]",6.763,4054,2018,569547
Roma,[18],7.624,4022,2018,426426
Sicario: Day of the Soldado,"[28, 80, 53]",6.938,3853,2018,400535
Crazy Rich Asians,"[35, 10749]",7.062,3841,2018,455207
Bad Times at the El Royale,"[53, 9648, 80, 18]",6.845,3739,2018,446021
Ocean's Eight,"[80, 35, 28]",6.967,8578,2018,402900
Fifty Shades Freed,"[18, 10749]",6.682,8233,2018,337167
Hereditary,"[27, 9648, 53]",7.3,8224,2018,493922
Maze Runner: The Death Cure,"[878, 28, 12, 53]",7.093,8162,2018,336843
Tomb Raider,"[28, 12, 14]",6.366,8140,2018,338970
The Meg,"[28, 878, 27]",6.25,7983,2018,345940
Ralph Breaks the Internet,"[10751, 16, 35, 12]",7.169,7885,2018,404368
BlacKkKlansman,"[80, 35, 18, 36]",7.492,7865,2018,487558
The Kissing Booth,"[10749, 35]",7.17,7356,2018,454983
Rampage,"[28, 12, 878]",6.456,7311,2018,427641
The Nun,[27],5.908,7016,2018,439079
Bumblebee,"[28, 12, 878]",6.718,6431,2018,424783
Red Sparrow,"[53, 9648]",6.533,6201,2018,401981
"Love, Simon","[35, 18, 10749]",7.983,6164,2018,449176
Game Night,"[9648, 35, 80]",6.846,6070,2018,445571
The Favourite,"[36, 35, 18]",7.501,5726,2018,375262
The Equalizer 2,"[28, 53, 80]",6.8,5708,2018,345887
Creed II,"[18, 28]",7.033,5629,2018,480530
First Man,"[36, 18]",7.042,5477,2018,369972
The Mule,"[80, 18]",6.865,5205,2018,504172
Avengers: Infinity War,"[12, 28, 878]",8.235,31138,2018,299536
Black Panther,"[28, 12, 878]",7.4,22947,2018,284054
Deadpool 2,"[28, 35, 12]",7.489,18723,2018,383498
Bohemian Rhapsody,"[10402, 18]",7.964,17394,2018,424694
Venom,"[878, 28]",6.8,16842,2018,335983
Spider-Man: Into the Spider-Verse,"[16, 28, 12, 878]",8.395,16595,2018,324857
Ready Player One,"[12, 28, 878]",7.584,16365,2018,333339
A Quiet Place,"[27, 18, 878]",7.396,14890,2018,447332
Aquaman,"[28, 12, 14]",6.872,14564,2018,297802
Ant-Man and the Wasp,"[28, 12, 878]",6.912,13827,2018,363088
Incredibles 2,"[28, 12, 16, 10751]",7.456,13352,2018,260513
Jurassic World: Fallen Kingdom,"[28, 12, 878, 53]",6.5,12391,2018,351286
Green Book,"[18, 35, 36]",8.224,12370,2018,490132
A Star Is Born,"[10402, 18, 10749]",7.5,11994,2018,332562
Fantastic Beasts: The Crimes of Grindelwald,"[14, 12]",6.8,11230,2018,338952
Bird Box,"[27, 53, 18]",6.826,10302,2018,405774
Annihilation,"[878, 27]",6.4,9077,2018,300668
Solo: A Star Wars Story,"[878, 12, 28]",6.6,9000,2018,348350
Mission: Impossible - Fallout,"[28, 12]",7.4,8810,2018,353081
To All the Boys I've Loved Before,"[35, 10749]",7.596,8604,2018,466282
The Emoji Movie,"[16, 10751, 35]",5.416,3225,2017,378236
American Assassin,"[28, 12, 53]",6.411,3150,2017,415842
The Lost City of Z,"[12, 18, 36]",6.396,3006,2017,314095
Ferdinand,"[16, 10751, 12, 35]",7.224,2998,2017,364689
Good Time,"[80, 53, 18]",7.2,2993,2017,429200
The Florida Project,[18],7.428,2967,2017,394117
You Were Never Really Here,"[80, 18, 53]",6.545,2934,2017,398181
Going in Style,"[80, 35]",6.691,2926,2017,353070
1922,"[27, 80, 18]",5.937,2838,2017,452507
The Foreigner,"[28, 53, 80]",6.965,2802,2017,379149
47 Meters Down,"[27, 53]",5.808,2789,2017,403119
Daddy's Home 2,[35],6.305,2645,2017,419680
Paddington 2,"[12, 35, 10751]",7.47,2623,2017,346648
Rings,[27],5.01,2560,2017,14564
It Comes at Night,"[18, 27, 9648]",5.863,2542,2017,418078
The Big Sick,"[35, 18, 10749]",7.3,2541,2017,416477
Loving Vincent,"[16, 18, 9648, 36]",7.991,2542,2017,339877
The Space Between Us,"[10749, 12, 878, 18]",7.057,2507,2017,365942
The Mountain Between Us,"[18, 12, 10749]",6.651,2472,2017,290512
Hostiles,"[18, 37, 36, 12]",6.941,2425,2017,384680
The Circle,"[18, 53, 878]",5.521,4509,2017,339988
Okja,"[12, 18, 878]",7.35,4431,2017,387426
The Killing of a Sacred Deer,"[18, 53, 9648]",7.011,4274,2017,399057
Death Note,"[80, 14, 27]",4.265,4051,2017,351460
A Cure for Wellness,"[27, 9648, 878]",6.34,4044,2017,340837
Downsizing,"[18, 878, 35]",5.387,3977,2017,301337
Molly's Game,"[18, 80]",7.151,3886,2017,396371
Jigsaw,"[27, 9648]",6.218,3843,2017,298250
Gerald's Game,"[27, 53]",6.402,3820,2017,343674
The Babysitter,"[35, 27]",6.173,3782,2017,419479
"Everything, Everything","[18, 10749]",7.242,3723,2017,417678
Logan Lucky,"[35, 80, 28, 18]",6.73,3700,2017,399170
The Disaster Artist,"[35, 18]",7.104,3640,2017,371638
Phantom Thread,"[18, 10749]",7.3,3639,2017,400617
To the Bone,[18],7.2,3558,2017,401104
Before I Fall,"[18, 14]",6.963,3483,2017,397837
A Dog's Purpose,"[12, 35, 14, 10751, 18]",7.639,3448,2017,381289
Pitch Perfect 3,"[35, 10402]",6.511,3398,2017,353616
The Ritual,"[27, 9648]",6.267,3264,2017,433808
T2 Trainspotting,"[18, 35, 80]",6.944,3249,2017,180863
Transformers: The Last Knight,"[28, 12, 878]",6.056,6520,2017,335988
The Hitman's Bodyguard,"[28, 35, 80, 53]",6.891,6460,2017,390043
Atomic Blonde,"[28, 12, 53]",6.429,6448,2017,341013
Happy Death Day,"[35, 27, 9648]",6.662,6408,2017,440021
What Happened to Monday,"[878, 53, 9648, 28]",7.155,6286,2017,406990
Cars 3,"[16, 12, 35, 10751]",6.855,6191,2017,260514
"I, Tonya","[18, 35]",7.475,6017,2017,389015
King Arthur: Legend of the Sword,"[28, 18, 14]",6.549,5896,2017,274857
Annabelle: Creation,[27],6.605,5856,2017,396422
Bright,"[14, 28, 53]",6.2,5837,2017,400106
Gifted,"[18, 35]",8.0,5790,2017,400928
Wind River,"[80, 9648, 53, 18]",7.4,5544,2017,395834
The Dark Tower,"[14, 28, 878]",5.781,5362,2017,353491
Darkest Hour,"[18, 36]",7.351,5348,2017,399404
The Lego Batman Movie,"[16, 28, 35, 10751]",7.233,5241,2017,324849
Geostorm,"[28, 878, 53]",6.1,5003,2017,274855
The Invisible Guest,"[18, 9648, 53]",8.082,4794,2017,411088
American Made,"[28, 35, 80, 18]",6.895,4788,2017,337170
The Post,"[18, 36]",7.006,4780,2017,446354
Power Rangers,"[28, 12, 878]",6.256,4538,2017,305470
Kong: Skull Island,"[28, 12, 14]",6.548,10862,2017,293167
Kingsman: The Golden Circle,"[28, 12, 35, 80]",6.952,10828,2017,343668
The Fate of the Furious,"[28, 80, 53]",6.862,10599,2017,337339
"Three Billboards Outside Ebbing, Missouri","[80, 18]",8.061,10557,2017,359940
Murder on the Orient Express,"[9648, 18, 80]",6.705,10286,2017,392044
The Greatest Showman,[18],7.869,9787,2017,316029
War for the Planet of the Apes,"[18, 878, 10752]",7.211,9439,2017,281338
xXx: Return of Xander Cage,"[28, 12, 80]",6.135,9120,2017,47971
Alien: Covenant,"[27, 878, 53]",6.162,9116,2017,126889
Lady Bird,"[18, 35]",7.254,8822,2017,391713
Ghost in the Shell,"[878, 18, 28]",6.103,8348,2017,315837
Baywatch,"[35, 28, 80]",6.091,8324,2017,339846
Wonder,"[10751, 18]",8.1,8097,2017,406997
Fifty Shades Darker,"[18, 10749]",6.476,7826,2017,341174
Valerian and the City of a Thousand Planets,"[12, 878, 28]",6.631,7762,2017,339964
Life,"[27, 878, 9648, 53]",6.446,7688,2017,395992
Despicable Me 3,"[28, 16, 35, 10751, 12]",6.466,7455,2017,324852
The Mummy,"[14, 53, 28, 12, 27]",5.517,7453,2017,282035
The Boss Baby,"[16, 35, 10751]",6.457,7309,2017,295693
mother!,"[18, 27]",6.967,6909,2017,381283
Spider-Man: Homecoming,"[28, 12, 878]",7.329,22612,2017,315635
Guardians of the Galaxy Vol. 2,"[878, 12, 28]",7.611,22404,2017,283995
Thor: Ragnarok,"[28, 12, 878]",7.6,21514,2017,284053
Wonder Woman,"[28, 12, 14]",7.214,20527,2017,297762
Coco,"[10751, 16, 10402, 12]",8.2,20418,2017,354912
Logan,"[28, 18, 878]",7.82,19950,2017,263115
It,"[27, 53]",7.238,19801,2017,346364
Get Out,"[9648, 53, 27]",7.621,18291,2017,419430
Split,"[27, 53]",7.343,17954,2017,381288
Dunkirk,"[10752, 28, 18]",7.449,17108,2017,374720
Baby Driver,"[28, 80]",7.445,16372,2017,339403
Star Wars: The Last Jedi,"[12, 28, 878]",6.764,15904,2017,181808
Beauty and the Beast,"[10751, 14, 10749]",6.969,15820,2017,321612
Blade Runner 2049,"[878, 18]",7.587,14536,2017,335984
Jumanji: Welcome to the Jungle,"[12, 35, 14, 28, 10751]",6.819,14127,2017,353486
John Wick: Chapter 2,"[28, 53, 80]",7.339,13784,2017,324552
Justice League,"[28, 12, 878]",6.075,13375,2017,141052
The Shape of Water,"[18, 14, 10749]",7.24,12532,2017,399055
Call Me by Your Name,"[10749, 18]",8.102,12494,2017,398818
Pirates of the Caribbean: Dead Men Tell No Tales,"[12, 28, 14]",6.652,12478,2017,166426
The Boy,"[27, 9648, 53]",5.968,3862,2016,321258
The Angry Birds Movie,"[16, 12, 35, 10751]",6.246,3845,2016,153518
The Neon Demon,"[27, 53]",6.51,3843,2016,301365
Underworld: Blood Wars,"[14, 28, 53, 878, 27]",5.911,3825,2016,346672
13 Hours: The Secret Soldiers of Benghazi,"[10752, 28, 36, 18, 53]",7.269,3789,2016,300671
Trolls,"[10751, 16, 14, 12, 35, 10402]",6.63,3725,2016,136799
Kubo and the Two Strings,"[16, 12, 10751]",7.631,3707,2016,313297
Teenage Mutant Ninja Turtles: Out of the Shadows,"[28, 12, 35, 10751, 878]",6.052,3675,2016,308531
Swiss Army Man,"[35, 18, 10749, 14, 12]",6.926,3665,2016,347031
Mechanic: Resurrection,"[28, 80, 53]",6.03,3522,2016,278924
The BFG,"[12, 10751, 14]",6.281,3520,2016,267935
A Monster Calls,"[14, 12, 10751]",7.286,3474,2016,258230
Resident Evil: The Final Chapter,"[28, 27, 878]",6.1,3358,2016,173897
Raw,"[27, 18]",7.04,3327,2016,393519
How to Be Single,"[35, 10749]",6.255,3281,2016,259694
Silence,"[18, 36]",7.12,3185,2016,68730
Money Monster,"[53, 18]",6.435,3066,2016,303858
Two Is a Family,"[18, 35]",7.731,3022,2016,382591
Bridget Jones's Baby,"[18, 35, 10749]",6.4,3022,2016,95610
Green Room,"[27, 80, 53]",6.726,2838,2016,313922
London Has Fallen,"[28, 53]",6.2,4942,2016,267860
The Huntsman: Winter's War,"[28, 12, 18]",6.285,4933,2016,290595
Ice Age: Collision Course,"[12, 16, 10751, 35, 878]",6.1,4762,2016,278154
Deepwater Horizon,"[18, 28]",6.886,4736,2016,296524
Hush,"[27, 53]",6.729,4724,2016,376570
Hell or High Water,"[37, 80, 18]",7.302,4685,2016,338766
Allied,"[28, 18, 10752, 10749, 53]",6.8,4664,2016,369885
The Autopsy of Jane Doe,"[27, 9648]",6.826,4545,2016,397243
Perfect Strangers,"[35, 18]",7.855,4517,2016,381341
Neighbors 2: Sorority Rising,[35],5.819,4512,2016,325133
Snowden,"[18, 36, 80, 53]",7.106,4500,2016,302401
Dirty Grandpa,[35],5.936,4500,2016,291870
Why Him?,[35],6.38,4295,2016,356305
A Silent Voice: The Movie,"[16, 18, 10749]",8.386,4268,2016,378064
Gods of Egypt,"[28, 12, 14]",5.686,4222,2016,205584
Bad Moms,[35],6.494,4175,2016,376659
The Edge of Seventeen,"[35, 18]",7.157,4159,2016,376660
The Handmaiden,"[53, 18, 10749]",8.197,4090,2016,290098
Lights Out,[27],6.365,4015,2016,345911
"Hail, Caesar!","[35, 80, 18, 9648]",5.9,3905,2016,270487
Captain Fantastic,"[12, 18]",7.891,6644,2016,334533
Ghostbusters,"[28, 14, 35]",5.3,6635,2016,43074
Alice Through the Looking Glass,"[12, 10751, 14]",6.56,6631,2016,241259
Inferno,"[9648, 53, 28]",6.085,6472,2016,207932
The Legend of Tarzan,"[14, 28, 12]",5.914,6368,2016,258489
Kung Fu Panda 3,"[16, 28, 12, 35, 10751]",6.919,6359,2016,140300
Independence Day: Resurgence,"[28, 12, 878]",5.35,6278,2016,47933
Manchester by the Sea,[18],7.548,6188,2016,334541
The Magnificent Seven,"[12, 28, 37]",6.47,6178,2016,333484
Central Intelligence,"[28, 35]",6.417,6174,2016,302699
Jason Bourne,"[28, 12, 53]",6.4,5987,2016,324668
The 5th Wave,"[878, 12, 28]",5.938,5892,2016,299687
The Girl on the Train,"[80, 9648, 53]",6.441,5881,2016,346685
Collateral Beauty,"[18, 10749]",7.218,5480,2016,345920
The Purge: Election Year,"[28, 27, 53]",6.384,5391,2016,316727
The Great Wall,"[28, 12, 14]",6.028,5376,2016,311324
War Dogs,"[35, 80, 18]",6.9,5237,2016,308266
The Founder,"[18, 36]",7.134,5222,2016,310307
The Shallows,"[27, 18, 53]",6.351,5216,2016,332567
Jack Reacher: Never Go Back,"[28, 18, 53, 80]",5.992,5132,2016,343611
The Conjuring 2,[27],7.294,8933,2016,259693
10 Cloverfield Lane,"[53, 878, 18, 27]",6.994,8359,2016,333371
The Secret Life of Pets,"[10751, 35, 12, 16]",6.3,8332,2016,328111
The Nice Guys,"[35, 80, 28]",7.123,8326,2016,290250
The Jungle Book,"[10751, 12, 14]",6.867,8317,2016,278927
Sing,"[10751, 35, 10402, 16]",7.12,8250,2016,335797
Nocturnal Animals,"[18, 53]",7.4,8073,2016,340666
Train to Busan,"[27, 53, 28, 12]",7.7,8041,2016,396535
Assassin's Creed,"[28, 12, 878]",5.429,7953,2016,121856
Don't Breathe,"[27, 53, 80]",7.0,7760,2016,300669
Sausage Party,"[12, 16, 35, 14]",5.75,7544,2016,223702
Sully,"[18, 36]",7.194,7501,2016,363676
The Witch,"[27, 14, 18]",6.995,7400,2016,310131
Moonlight,[18],7.366,7317,2016,376867
Warcraft,"[28, 12, 14]",6.39,7060,2016,68735
The Accountant,"[80, 53, 18]",7.13,7049,2016,302946
Nerve,"[9648, 12, 80]",7.008,6914,2016,328387
Star Trek Beyond,"[28, 12, 878]",6.782,6873,2016,188927
Allegiant,"[12, 878, 28, 9648]",6.107,6800,2016,262504
Lion,[18],8.042,6795,2016,334543
Deadpool,"[28, 12, 35]",7.622,32066,2016,293660
Captain America: Civil War,"[12, 28, 878]",7.4,23515,2016,271110
Doctor Strange,"[14, 12, 28]",7.418,22914,2016,284052
Suicide Squad,"[28, 12, 14]",5.92,21706,2016,297761
Fantastic Beasts and Where to Find Them,"[14, 12]",7.3,19331,2016,259316
Arrival,"[18, 878, 9648]",7.622,18712,2016,329865
Batman v Superman: Dawn of Justice,"[28, 12, 14]",5.987,18593,2016,209112
La La Land,"[35, 18, 10749]",7.897,17624,2016,313369
Zootopia,"[16, 12, 10751, 35]",7.8,17070,2016,269149
Rogue One: A Star Wars Story,"[28, 12, 878]",7.5,15964,2016,330459
Hacksaw Ridge,"[18, 36, 10752]",8.191,14416,2016,324786
Passengers,"[18, 10749, 878]",6.952,13847,2016,274870
X-Men: Apocalypse,"[28, 12, 878, 14]",6.517,13441,2016,246655
Moana,"[12, 35, 10751, 16]",7.565,13382,2016,277834
Me Before You,"[18, 10749]",7.925,12881,2016,296096
Finding Dory,"[12, 16, 35, 10751]",7.04,12428,2016,127380
Your Name.,"[16, 10749, 18]",8.479,12099,2016,372058
Now You See Me 2,"[53, 80]",6.825,11154,2016,291805
Miss Peregrine's Home for Peculiar Children,"[14, 12, 18, 10751]",6.837,10283,2016,283366
Hidden Figures,"[18, 36]",8.05,10162,2016,381284
Concussion,[18],7.079,2649,2015,321741
No Escape,"[53, 28]",6.9,2636,2015,192141
Love,"[18, 10749]",6.45,2595,2015,292431
Hardcore Henry,"[28, 12, 878]",6.393,2549,2015,325348
The SpongeBob Movie: Sponge Out of Water,"[10751, 35, 12, 16, 14]",6.1,2453,2015,228165
Descendants,"[10751, 12, 14, 10770, 10402]",7.149,2444,2015,277217
Irrational Man,"[18, 35]",6.527,2426,2015,282984
Bone Tomahawk,"[37, 27, 18]",6.875,2413,2015,294963
We Are Your Friends,"[18, 10402, 10749, 35]",6.786,2402,2015,301351
Point Break,"[28, 12, 80, 53]",5.955,2379,2015,257088
Poltergeist,[27],5.218,2348,2015,243688
Solace,"[53, 80, 9648]",6.427,2311,2015,339527
Krampus,"[27, 35, 14]",6.192,2304,2015,287903
Sinister 2,[27],5.882,2224,2015,283445
Victor Frankenstein,"[18, 878, 53]",5.948,2202,2015,228066
Youth,"[35, 18, 10749]",6.9,2144,2015,310593
Blackhat,"[80, 53, 28]",5.514,2118,2015,201088
Aloha,"[18, 35, 10749]",5.512,2110,2015,222936
The Boy Next Door,[53],4.919,2089,2015,241251
Circle,"[27, 878, 9648, 53]",6.014,2070,2015,335866
Insidious: Chapter 3,"[27, 53]",6.283,3502,2015,280092
Black Mass,"[18, 80, 36]",6.523,3487,2015,261023
Burnt,[18],6.515,3471,2015,295964
Knock Knock,"[27, 53]",5.392,3373,2015,263472
The Gift,"[53, 9648, 18]",6.695,3372,2015,328425
Daddy's Home,[35],6.292,3321,2015,274167
The Walk,"[36, 18, 12]",6.995,3297,2015,285783
The Longest Ride,"[18, 10749]",7.6,3254,2015,228205
Self/less,"[878, 28, 53]",6.412,3211,2015,238615
Brooklyn,"[10749, 18, 36]",7.31,3186,2015,167073
Hitman: Agent 47,"[28, 80, 53]",5.886,3176,2015,249070
Run All Night,"[28, 80, 53]",6.4,2889,2015,241554
The Little Prince,"[12, 16, 14, 10751]",7.611,2887,2015,309809
American Ultra,"[28, 35]",6.09,2876,2015,261392
Get Hard,[35],6.024,2807,2015,257091
Pan,"[14, 12, 10751, 28]",5.957,2792,2015,266647
Project Almanac,"[878, 53]",6.8,2742,2015,227719
Mortdecai,"[35, 12]",5.516,2704,2015,210860
Me and Earl and the Dying Girl,"[18, 35]",7.5,2675,2015,308369
Trainwreck,"[35, 10749]",5.797,2656,2015,271718
Hotel Transylvania 2,"[16, 35, 10751, 14]",6.8,5969,2015,159824
The Danish Girl,[18],7.558,5868,2015,306819
The Good Dinosaur,"[12, 16, 10751]",6.739,5833,2015,105864
Southpaw,"[28, 18]",7.364,5656,2015,307081
Pitch Perfect 2,"[35, 10402]",6.844,5420,2015,254470
Paper Towns,"[9648, 18, 10749]",6.155,5122,2015,286565
Crimson Peak,"[27, 9648, 10749]",6.7,5111,2015,201085
Everest,"[12, 18, 36]",6.827,5079,2015,253412
The Visit,"[27, 53]",6.322,4979,2015,298312
The DUFF,"[10749, 35]",6.766,4424,2015,272693
Steve Jobs,"[18, 36]",6.8,4261,2015,321697
In the Heart of the Sea,"[53, 18, 12, 28, 36]",6.755,4246,2015,205775
Joy,"[18, 35]",6.551,4205,2015,274479
Home,"[14, 35, 16, 878, 10751]",6.789,4125,2015,228161
Legend,"[80, 53]",7.054,4112,2015,276907
Straight Outta Compton,"[18, 10402, 36]",7.783,4079,2015,277216
Goosebumps,"[12, 27, 35]",6.3,3897,2015,257445
Vacation,"[35, 12]",6.304,3863,2015,296099
Carol,"[10749, 18]",7.495,3851,2015,258480
The Last Witch Hunter,"[28, 12, 14]",6.004,3734,2015,274854
Sicario,"[28, 80, 53]",7.415,9182,2015,273481
San Andreas,"[28, 18, 53]",6.2,8820,2015,254128
Terminator Genisys,"[878, 28, 53, 12]",5.9,8729,2015,87101
Spotlight,"[18, 36]",7.8,8541,2015,314365
Chappie,"[80, 28, 878]",6.784,8231,2015,198184
Focus,"[10749, 35, 80]",6.871,8097,2015,256591
Pixels,"[28, 35, 878, 14]",5.8,7828,2015,257344
Ted 2,"[35, 14]",6.316,7789,2015,214756
Creed,"[18, 28]",7.407,7739,2015,312221
Cinderella,"[10749, 14, 10751, 18]",6.8,7248,2015,150689
Tomorrowland,"[12, 10751, 9648, 878]",6.3,7196,2015,158852
Bridge of Spies,"[53, 18]",7.2,7083,2015,296098
The Intern,[35],7.225,7070,2015,257211
Jupiter Ascending,"[878, 14, 28]",5.459,6930,2015,76757
The Age of Adaline,"[10749, 14, 18]",7.477,6929,2015,293863
It Follows,"[27, 9648]",6.59,6691,2015,270303
The Man from U.N.C.L.E.,"[35, 28, 12]",7.081,6626,2015,203801
The Lobster,"[35, 18, 10749]",7.037,6611,2015,254320
Fantastic Four,"[28, 12, 878]",4.4,6264,2015,166424
Spy,"[28, 35, 80]",6.832,6229,2015,238713
Avengers: Age of Ultron,"[28, 12, 878]",7.271,23853,2015,99861
Mad Max: Fury Road,"[28, 12, 878]",7.627,23511,2015,76341
Inside Out,"[16, 10751, 12, 18, 35]",7.9,22923,2015,150540
Jurassic World,"[28, 12, 878, 53]",6.699,21101,2015,135397
The Martian,"[18, 12, 878]",7.691,20588,2015,286217
Ant-Man,"[878, 28, 12]",7.1,20422,2015,102899
Star Wars: The Force Awakens,"[12, 28, 878]",7.254,20075,2015,140607
The Revenant,"[37, 18, 12]",7.537,18785,2015,281957
Kingsman: The Secret Service,"[80, 35, 28, 12]",7.622,17390,2015,207703
The Hateful Eight,"[18, 9648, 37]",7.756,14812,2015,273248
The Hunger Games: Mockingjay - Part 2,"[28, 12, 878]",6.899,13024,2015,131634
Fifty Shades of Grey,"[18, 10749, 53]",5.879,12163,2015,216015
Furious 7,"[28, 80, 53]",7.223,11018,2015,168259
Spectre,"[28, 12, 53]",6.6,10917,2015,206647
Minions,"[10751, 16, 12, 35]",6.416,10879,2015,211672
Maze Runner: The Scorch Trials,"[878, 28, 53, 12]",6.733,10767,2015,294254
Insurgent,"[28, 878, 53]",6.364,10237,2015,262500
The Big Short,"[35, 18]",7.4,9482,2015,318846
Room,"[18, 53]",7.998,9479,2015,264644
Mission: Impossible - Rogue Nation,"[28, 12]",7.2,9385,2015,177677
